{
  "feature_0": 0.1458437161896239,
  "feature_1": 0.06673525823486869,
  "feature_2": 0.08524322713002332,
  "feature_3": 0.1321942252446281,
  "feature_4": 0.0678528637349626,
  "feature_5": 0.0723377929005746,
  "feature_6": 0.10854274685040186,
  "feature_7": 0.11081708946417361,
  "feature_8": 0.14959762875917904,
  "feature_9": 0.0608354514915643
}