{
  "mean": 0.10705,
  "std": 0.20907605673534216,
  "min": 0.0,
  "max": 0.91,
  "percentiles": {
    "25": 0.0,
    "50": 0.01,
    "75": 0.08,
    "95": 0.7204999999999998,
    "99": 0.8208999999999992
  }
}